<?xml version="1.0" encoding="utf-8"?>
<ModelInformation Version="1.0">
  <Model>
    <P Name="MdlSubVersion">1</P>
    <P Name="SavedCharacterEncoding">windows-1252</P>
    <P Name="ScopeRefreshTime">0.035000</P>
    <P Name="OverrideScopeRefreshTime">on</P>
    <P Name="DisableAllScopes">off</P>
    <P Name="DataTypeOverride">UseLocalSettings</P>
    <P Name="DataTypeOverrideAppliesTo">AllNumericTypes</P>
    <P Name="MinMaxOverflowLogging">UseLocalSettings</P>
    <P Name="MinMaxOverflowArchiveMode">Overwrite</P>
    <P Name="FPTRunName">Run 1</P>
    <P Name="MaxMDLFileLineLength">120</P>
    <P Name="LastSavedArchitecture">win64</P>
    <Object PropName="BdWindowsInfo" ObjectID="1" ClassName="Simulink.BDWindowsInfo">
      <Object PropName="WindowsInfo" ObjectID="2" ClassName="Simulink.WindowInfo">
        <P Name="IsActive" Class="logical">1</P>
        <P Name="Location" Class="double">[-8.0, -8.0, 1382.0, 744.0]</P>
        <Object PropName="ModelBrowserInfo" ObjectID="3" ClassName="Simulink.ModelBrowserInfo">
          <P Name="Visible" Class="logical">0</P>
          <P Name="DockPosition" Class="char">Left</P>
          <P Name="Width" Class="int32">50</P>
          <P Name="Height" Class="int32">50</P>
          <P Name="Filter" Class="int32">9</P>
        </Object>
        <Object PropName="ExplorerBarInfo" ObjectID="4" ClassName="Simulink.ExplorerBarInfo">
          <P Name="Visible" Class="logical">1</P>
        </Object>
        <Object PropName="EditorsInfo" ObjectID="5" ClassName="Simulink.EditorInfo">
          <P Name="IsActive" Class="logical">1</P>
          <P Name="ViewObjType" Class="char">SimulinkTopLevel</P>
          <P Name="LoadSaveID" Class="char">0</P>
          <P Name="Extents" Class="double">[1332.0, 569.0]</P>
          <P Name="ZoomFactor" Class="double">1.5</P>
          <P Name="Offset" Class="double">[-50.666666666666664, -46.733333333333263]</P>
        </Object>
      </Object>
    </Object>
    <ConfigManagerSettings>
      <P Name="UpdateHistory">UpdateHistoryNever</P>
      <P Name="ModifiedByFormat">%&lt;Auto&gt;</P>
      <P Name="ModifiedDateFormat">%&lt;Auto&gt;</P>
      <P Name="RTWModifiedTimeStamp">411649094</P>
      <P Name="ModelVersionFormat">1.%&lt;AutoIncrement:1&gt;</P>
    </ConfigManagerSettings>
    <EditorSettings>
      <P Name="SampleTimeColors">off</P>
      <P Name="SampleTimeAnnotations">off</P>
      <P Name="LibraryLinkDisplay">disabled</P>
      <P Name="WideLines">off</P>
      <P Name="ShowLineDimensions">off</P>
      <P Name="ShowPortDataTypes">off</P>
      <P Name="ShowEditTimeErrors">on</P>
      <P Name="ShowEditTimeWarnings">off</P>
      <P Name="ShowEditTimeAdvisorChecks">off</P>
      <P Name="ShowPortUnits">off</P>
      <P Name="ShowDesignRanges">off</P>
      <P Name="ShowLoopsOnError">on</P>
      <P Name="IgnoreBidirectionalLines">off</P>
      <P Name="ShowStorageClass">off</P>
      <P Name="ShowTestPointIcons">on</P>
      <P Name="ShowSignalResolutionIcons">on</P>
      <P Name="ShowViewerIcons">on</P>
      <P Name="SortedOrder">off</P>
      <P Name="VariantCondition">off</P>
      <P Name="ExecutionContextIcon">off</P>
      <P Name="ShowLinearizationAnnotations">on</P>
      <P Name="ShowVisualizeInsertedRTB">on</P>
      <P Name="ShowMarkup">on</P>
      <P Name="BlockNameDataTip">off</P>
      <P Name="BlockParametersDataTip">off</P>
      <P Name="BlockDescriptionStringDataTip">off</P>
      <P Name="ToolBar">on</P>
      <P Name="StatusBar">on</P>
      <P Name="BrowserShowLibraryLinks">off</P>
      <P Name="FunctionConnectors">off</P>
      <P Name="BrowserLookUnderMasks">off</P>
    </EditorSettings>
    <SimulationSettings>
      <P Name="SimulationMode">normal</P>
      <P Name="PauseTimes">5</P>
      <P Name="NumberOfSteps">1</P>
      <P Name="SnapshotBufferSize">10</P>
      <P Name="SnapshotInterval">10</P>
      <P Name="NumberOfLastSnapshots">0</P>
      <P Name="LinearizationMsg">none</P>
      <P Name="Profile">off</P>
      <P Name="ParamWorkspaceSource">MATLABWorkspace</P>
      <P Name="AccelSystemTargetFile">accel.tlc</P>
      <P Name="AccelTemplateMakefile">accel_default_tmf</P>
      <P Name="AccelMakeCommand">make_rtw</P>
      <P Name="TryForcingSFcnDF">off</P>
      <Object PropName="DataLoggingOverride" ObjectID="6" ClassName="Simulink.SimulationData.ModelLoggingInfo">
        <P Name="model_" Class="char">Control_Con_Red_Neuronal</P>
        <P Name="overrideMode_" Class="uint32">0U</P>
        <Array PropName="logAsSpecifiedByModels_" Type="Cell" Dimension="1*1">
          <Cell Class="char">Control_Con_Red_Neuronal</Cell>
        </Array>
        <Array PropName="logAsSpecifiedByModelsSSIDs_" Type="Cell" Dimension="1*1">
          <Cell>[]</Cell>
        </Array>
      </Object>
    </SimulationSettings>
    <ExternalMode>
      <P Name="ExtModeBatchMode">off</P>
      <P Name="ExtModeEnableFloating">on</P>
      <P Name="ExtModeTrigType">manual</P>
      <P Name="ExtModeTrigMode">normal</P>
      <P Name="ExtModeTrigPort">1</P>
      <P Name="ExtModeTrigElement">any</P>
      <P Name="ExtModeTrigDuration">1000</P>
      <P Name="ExtModeTrigDurationFloating">auto</P>
      <P Name="ExtModeTrigHoldOff">0</P>
      <P Name="ExtModeTrigDelay">0</P>
      <P Name="ExtModeTrigDirection">rising</P>
      <P Name="ExtModeTrigLevel">0</P>
      <P Name="ExtModeArchiveMode">off</P>
      <P Name="ExtModeAutoIncOneShot">off</P>
      <P Name="ExtModeIncDirWhenArm">off</P>
      <P Name="ExtModeAddSuffixToVar">off</P>
      <P Name="ExtModeWriteAllDataToWs">off</P>
      <P Name="ExtModeArmWhenConnect">on</P>
      <P Name="ExtModeSkipDownloadWhenConnect">off</P>
      <P Name="ExtModeLogAll">on</P>
      <P Name="ExtModeAutoUpdateStatusClock">on</P>
    </ExternalMode>
    <ModelReferenceSettings>
      <P Name="ShowModelReferenceBlockVersion">off</P>
      <P Name="ShowModelReferenceBlockIO">off</P>
    </ModelReferenceSettings>
    <ConcurrentExecutionSettings>
      <Object PropName="DataTransfer" ObjectID="7" ClassName="Simulink.GlobalDataTransfer">
        <P Name="DefaultTransitionBetweenSyncTasks" Class="char">Ensure deterministic transfer (maximum delay)</P>
        <P Name="DefaultTransitionBetweenAsyncTasks" Class="char">Ensure data integrity only</P>
        <P Name="DefaultTransitionBetweenContTasks" Class="char">Ensure deterministic transfer (minimum delay)</P>
        <P Name="DefaultExtrapolationMethodBetweenContTasks" Class="char">None</P>
        <P Name="AutoInsertRateTranBlk" Class="logical">0</P>
      </Object>
      <P Name="ExplicitPartitioning">off</P>
    </ConcurrentExecutionSettings>
    <SystemDefaults>
      <P Name="PaperOrientation">landscape</P>
      <P Name="PaperPositionMode">auto</P>
      <P Name="PaperType">usletter</P>
      <P Name="PaperUnits">inches</P>
      <P Name="TiledPaperMargins">[0.500000, 0.500000, 0.500000, 0.500000]</P>
      <P Name="TiledPageScale">1</P>
      <P Name="ShowPageBoundaries">off</P>
      <P Name="ModelBrowserVisibility">off</P>
      <P Name="ModelBrowserWidth">200</P>
      <P Name="ScreenColor">white</P>
    </SystemDefaults>
    <BlockDefaults>
      <P Name="ForegroundColor">black</P>
      <P Name="BackgroundColor">white</P>
      <P Name="DropShadow">off</P>
      <P Name="NamePlacement">normal</P>
      <P Name="FontName">Helvetica</P>
      <P Name="FontSize">10</P>
      <P Name="FontWeight">normal</P>
      <P Name="FontAngle">normal</P>
      <P Name="ShowName">on</P>
      <P Name="BlockRotation">0</P>
      <P Name="BlockMirror">off</P>
    </BlockDefaults>
    <AnnotationDefaults>
      <P Name="HorizontalAlignment">center</P>
      <P Name="VerticalAlignment">middle</P>
      <P Name="ForegroundColor">black</P>
      <P Name="BackgroundColor">white</P>
      <P Name="DropShadow">off</P>
      <P Name="FontName">Helvetica</P>
      <P Name="FontSize">10</P>
      <P Name="FontWeight">normal</P>
      <P Name="FontAngle">normal</P>
      <P Name="UseDisplayTextAsClickCallback">off</P>
    </AnnotationDefaults>
    <LineDefaults>
      <P Name="FontName">Helvetica</P>
      <P Name="FontSize">9</P>
      <P Name="FontWeight">normal</P>
      <P Name="FontAngle">normal</P>
    </LineDefaults>
    <MaskDefaults>
      <P Name="SelfModifiable">off</P>
      <P Name="IconFrame">on</P>
      <P Name="IconOpaque">opaque</P>
      <P Name="RunInitForIconRedraw">off</P>
      <P Name="IconRotate">none</P>
      <P Name="PortRotate">default</P>
      <P Name="IconUnits">autoscale</P>
    </MaskDefaults>
    <MaskParameterDefaults>
      <P Name="Evaluate">on</P>
      <P Name="Tunable">on</P>
      <P Name="NeverSave">off</P>
      <P Name="Internal">off</P>
      <P Name="ReadOnly">off</P>
      <P Name="Enabled">on</P>
      <P Name="Visible">on</P>
      <P Name="ToolTip">on</P>
    </MaskParameterDefaults>
    <BlockParameterDefaults>
      <Block BlockType="Fcn">
        <P Name="Expr">sin(u[1])</P>
        <P Name="SampleTime">-1</P>
      </Block>
      <Block BlockType="Gain">
        <P Name="Gain">1</P>
        <P Name="Multiplication">Element-wise(K.*u)</P>
        <P Name="ParamMin">[]</P>
        <P Name="ParamMax">[]</P>
        <P Name="ParamDataTypeStr">Inherit: Same as input</P>
        <P Name="OutMin">[]</P>
        <P Name="OutMax">[]</P>
        <P Name="OutDataTypeStr">Inherit: Same as input</P>
        <P Name="LockScale">off</P>
        <P Name="RndMeth">Floor</P>
        <P Name="SaturateOnIntegerOverflow">on</P>
        <P Name="SampleTime">-1</P>
      </Block>
      <Block BlockType="Integrator">
        <P Name="ExternalReset">none</P>
        <P Name="InitialConditionSource">internal</P>
        <P Name="InitialCondition">0</P>
        <P Name="LimitOutput">off</P>
        <P Name="UpperSaturationLimit">inf</P>
        <P Name="LowerSaturationLimit">-inf</P>
        <P Name="WrapState">off</P>
        <P Name="WrappedStateUpperValue">pi</P>
        <P Name="WrappedStateLowerValue">-pi</P>
        <P Name="ShowSaturationPort">off</P>
        <P Name="ShowStatePort">off</P>
        <P Name="AbsoluteTolerance">auto</P>
        <P Name="IgnoreLimit">off</P>
        <P Name="ZeroCross">on</P>
        <P Name="ContinuousStateAttributes">&apos;&apos;</P>
      </Block>
      <Block BlockType="Scope">
        <P Name="DefaultConfigurationName">Simulink.scopes.TimeScopeBlockCfg</P>
        <P Name="NumInputPorts">1</P>
        <P Name="Floating">off</P>
      </Block>
      <Block BlockType="Sum">
        <P Name="IconShape">rectangular</P>
        <P Name="Inputs">++</P>
        <P Name="CollapseMode">All dimensions</P>
        <P Name="CollapseDim">1</P>
        <P Name="InputSameDT">on</P>
        <P Name="AccumDataTypeStr">Inherit: Inherit via internal rule</P>
        <P Name="OutMin">[]</P>
        <P Name="OutMax">[]</P>
        <P Name="OutDataTypeStr">Inherit: Same as first input</P>
        <P Name="LockScale">off</P>
        <P Name="RndMeth">Floor</P>
        <P Name="SaturateOnIntegerOverflow">on</P>
        <P Name="SampleTime">-1</P>
      </Block>
      <Block BlockType="ToWorkspace">
        <P Name="VariableName">simulink_output</P>
        <P Name="MaxDataPoints">1000</P>
        <P Name="Decimation">1</P>
        <P Name="SaveFormat">Array</P>
        <P Name="Save2DSignal">Inherit from input (this choice will be removed - see release notes)</P>
        <P Name="FixptAsFi">off</P>
        <P Name="NumInputs">1</P>
        <P Name="SampleTime">0</P>
      </Block>
      <Block BlockType="UniformRandomNumber">
        <P Name="Minimum">-1</P>
        <P Name="Maximum">1</P>
        <P Name="Seed">0</P>
        <P Name="SampleTime">-1</P>
        <P Name="VectorParams1D">on</P>
      </Block>
    </BlockParameterDefaults>
    <System>
      <P Name="Location">[-8, -8, 1374, 736]</P>
      <P Name="Open">on</P>
      <P Name="TiledPaperMargins">[0.500000, 0.500000, 0.500000, 0.500000]</P>
      <P Name="ZoomFactor">150</P>
      <P Name="ReportName">simulink-default.rpt</P>
      <P Name="SIDHighWatermark">15</P>
      <Block BlockType="Fcn" Name="Fcn" SID="6">
        <P Name="Position">[605, 60, 665, 90]</P>
        <P Name="ZOrder">6</P>
        <P Name="Expr">sin(u(1)*exp(2.3*(-u(2))))</P>
      </Block>
      <Block BlockType="Gain" Name="Gain" SID="5">
        <P Name="Position">[300, 60, 330, 90]</P>
        <P Name="ZOrder">5</P>
        <P Name="Gain">Kp</P>
        <P Name="ParamDataTypeStr">Inherit: Inherit via internal rule</P>
        <P Name="OutDataTypeStr">Inherit: Inherit via internal rule</P>
        <P Name="SaturateOnIntegerOverflow">off</P>
      </Block>
      <Block BlockType="Gain" Name="Gain1" SID="8">
        <P Name="Position">[400, 125, 430, 155]</P>
        <P Name="ZOrder">8</P>
        <P Name="Gain">Ki</P>
        <P Name="ParamDataTypeStr">Inherit: Inherit via internal rule</P>
        <P Name="OutDataTypeStr">Inherit: Inherit via internal rule</P>
        <P Name="SaturateOnIntegerOverflow">off</P>
      </Block>
      <Block BlockType="Integrator" Name="Integrator" SID="1">
        <P Name="Ports">[1, 1]</P>
        <P Name="Position">[460, 125, 490, 155]</P>
        <P Name="ZOrder">1</P>
      </Block>
      <Block BlockType="Scope" Name="Scope" SID="11">
        <P Name="Ports">[2]</P>
        <P Name="Position">[750, 173, 800, 242]</P>
        <P Name="ZOrder">11</P>
        <P Name="ScopeSpecificationString">Simulink.scopes.TimeScopeBlockCfg(&apos;CurrentConfiguration&apos;, extmgr.ConfigurationSet(extmgr.Configuration(&apos;Core&apos;,&apos;General UI&apos;,true),extmgr.Configuration(&apos;Core&apos;,&apos;Source UI&apos;,true),extmgr.Configuration(&apos;Sources&apos;,&apos;WiredSimulink&apos;,true),extmgr.Configuration(&apos;Visuals&apos;,&apos;Time Domain&apos;,true,&apos;SerializedDisplays&apos;,{struct(&apos;MinYLimReal&apos;,&apos;-10&apos;,&apos;MaxYLimReal&apos;,&apos;10&apos;,&apos;YLabelReal&apos;,&apos;&apos;,&apos;MinYLimMag&apos;,&apos;0&apos;,&apos;MaxYLimMag&apos;,&apos;10&apos;,&apos;LegendVisibility&apos;,&apos;Off&apos;,&apos;XGrid&apos;,true,&apos;YGrid&apos;,true,&apos;PlotMagPhase&apos;,false,&apos;AxesColor&apos;,[0 0 0],&apos;AxesTickColor&apos;,[0.686274509803922 0.686274509803922 0.686274509803922],&apos;ColorOrder&apos;,[1 1 0.0666666666666667;0.0745098039215686 0.623529411764706 1;1 0.411764705882353 0.16078431372549;0.392156862745098 0.831372549019608 0.0745098039215686;0.717647058823529 0.274509803921569 1;0.0588235294117647 1 1;1 0.0745098039215686 0.650980392156863],&apos;Title&apos;,&apos;%&lt;SignalLabel&gt;&apos;,&apos;LinePropertiesCache&apos;,{{}},&apos;UserDefinedChannelNames&apos;,{{}},&apos;NumLines&apos;,0,&apos;LineNames&apos;,{{[]}},&apos;ShowContent&apos;,true,&apos;Placement&apos;,1)},&apos;DisplayPropertyDefaults&apos;,struct(&apos;MinYLimReal&apos;,&apos;-10&apos;,&apos;MaxYLimReal&apos;,&apos;10&apos;,&apos;YLabelReal&apos;,&apos;&apos;,&apos;MinYLimMag&apos;,&apos;0&apos;,&apos;MaxYLimMag&apos;,&apos;10&apos;,&apos;LegendVisibility&apos;,&apos;Off&apos;,&apos;XGrid&apos;,true,&apos;YGrid&apos;,true,&apos;PlotMagPhase&apos;,false,&apos;AxesColor&apos;,[0 0 0],&apos;AxesTickColor&apos;,[0.686274509803922 0.686274509803922 0.686274509803922],&apos;ColorOrder&apos;,[0.0745098039215686 0.623529411764706 1;1 0.411764705882353 0.16078431372549;1 1 0.0666666666666667;0.717647058823529 0.274509803921569 1;0.392156862745098 0.831372549019608 0.0745098039215686;0.0588235294117647 1 1;1 0.0745098039215686 0.650980392156863])),extmgr.Configuration(&apos;Tools&apos;,&apos;Plot Navigation&apos;,true),extmgr.Configuration(&apos;Tools&apos;,&apos;Measurements&apos;,true,&apos;Version&apos;,&apos;2016a&apos;)),&apos;Version&apos;,&apos;2016a&apos;)</P>
        <P Name="NumInputPorts">2</P>
      </Block>
      <Block BlockType="Sum" Name="Sum1" SID="4">
        <P Name="Ports">[2, 1]</P>
        <P Name="Position">[210, 65, 230, 85]</P>
        <P Name="ZOrder">4</P>
        <P Name="ShowName">off</P>
        <P Name="IconShape">round</P>
        <P Name="Inputs">|+-</P>
        <P Name="InputSameDT">off</P>
        <P Name="OutDataTypeStr">Inherit: Inherit via internal rule</P>
        <P Name="SaturateOnIntegerOverflow">off</P>
      </Block>
      <Block BlockType="Sum" Name="Sum2" SID="7">
        <P Name="Ports">[2, 1]</P>
        <P Name="Position">[530, 65, 550, 85]</P>
        <P Name="ZOrder">7</P>
        <P Name="ShowName">off</P>
        <P Name="IconShape">round</P>
        <P Name="Inputs">|++</P>
        <P Name="InputSameDT">off</P>
        <P Name="OutDataTypeStr">Inherit: Inherit via internal rule</P>
        <P Name="SaturateOnIntegerOverflow">off</P>
      </Block>
      <Block BlockType="ToWorkspace" Name="To Workspace" SID="9">
        <P Name="Ports">[1]</P>
        <P Name="Position">[730, 60, 790, 90]</P>
        <P Name="ZOrder">9</P>
        <P Name="VariableName">simout</P>
        <P Name="MaxDataPoints">inf</P>
        <P Name="SaveFormat">Timeseries</P>
        <P Name="Save2DSignal">3-D array (concatenate along third dimension)</P>
        <P Name="FixptAsFi">on</P>
        <P Name="SampleTime">-1</P>
      </Block>
      <Block BlockType="ToWorkspace" Name="To Workspace1" SID="12">
        <P Name="Ports">[1]</P>
        <P Name="Position">[660, -10, 720, 20]</P>
        <P Name="ZOrder">12</P>
        <P Name="VariableName">Control</P>
        <P Name="MaxDataPoints">inf</P>
        <P Name="SaveFormat">Timeseries</P>
        <P Name="Save2DSignal">3-D array (concatenate along third dimension)</P>
        <P Name="FixptAsFi">on</P>
        <P Name="SampleTime">-1</P>
      </Block>
      <Block BlockType="ToWorkspace" Name="To Workspace2" SID="13">
        <P Name="Ports">[1]</P>
        <P Name="Position">[350, -10, 410, 20]</P>
        <P Name="ZOrder">13</P>
        <P Name="VariableName">Error</P>
        <P Name="MaxDataPoints">inf</P>
        <P Name="SaveFormat">Timeseries</P>
        <P Name="Save2DSignal">3-D array (concatenate along third dimension)</P>
        <P Name="FixptAsFi">on</P>
        <P Name="SampleTime">-1</P>
      </Block>
      <Block BlockType="ToWorkspace" Name="To Workspace3" SID="14">
        <P Name="Ports">[1]</P>
        <P Name="Position">[155, -35, 215, -5]</P>
        <P Name="ZOrder">14</P>
        <P Name="VariableName">Referencia</P>
        <P Name="MaxDataPoints">inf</P>
        <P Name="SaveFormat">Timeseries</P>
        <P Name="Save2DSignal">3-D array (concatenate along third dimension)</P>
        <P Name="FixptAsFi">on</P>
        <P Name="SampleTime">-1</P>
      </Block>
      <Block BlockType="UniformRandomNumber" Name="Uniform Random&#xA;Number" SID="15">
        <P Name="Position">[30, 59, 60, 91]</P>
        <P Name="ZOrder">15</P>
        <P Name="Minimum">0</P>
        <P Name="SampleTime">0.1</P>
      </Block>
      <Line>
        <P Name="ZOrder">3</P>
        <P Name="Src">4#out:1</P>
        <P Name="Points">[19, 0]</P>
        <Branch>
          <P Name="ZOrder">17</P>
          <P Name="Points">[0, -70]</P>
          <P Name="Dst">13#in:1</P>
        </Branch>
        <Branch>
          <P Name="ZOrder">16</P>
          <P Name="Dst">5#in:1</P>
        </Branch>
      </Line>
      <Line>
        <P Name="ZOrder">4</P>
        <P Name="Src">5#out:1</P>
        <P Name="Points">[36, 0]</P>
        <Branch>
          <P Name="ZOrder">9</P>
          <P Name="Points">[0, 65]</P>
          <P Name="Dst">8#in:1</P>
        </Branch>
        <Branch>
          <P Name="ZOrder">8</P>
          <P Name="Dst">7#in:1</P>
        </Branch>
      </Line>
      <Line>
        <P Name="ZOrder">5</P>
        <P Name="Src">7#out:1</P>
        <P Name="Points">[17, 0]</P>
        <Branch>
          <P Name="ZOrder">19</P>
          <P Name="Points">[0, -70]</P>
          <P Name="Dst">12#in:1</P>
        </Branch>
        <Branch>
          <P Name="ZOrder">18</P>
          <P Name="Dst">6#in:1</P>
        </Branch>
      </Line>
      <Line>
        <P Name="ZOrder">6</P>
        <P Name="Src">1#out:1</P>
        <P Name="Points">[45, 0]</P>
        <P Name="Dst">7#in:2</P>
      </Line>
      <Line>
        <P Name="ZOrder">7</P>
        <P Name="Src">8#out:1</P>
        <P Name="Dst">1#in:1</P>
      </Line>
      <Line>
        <P Name="ZOrder">10</P>
        <P Name="Src">6#out:1</P>
        <P Name="Points">[9, 0]</P>
        <Branch>
          <P Name="ZOrder">12</P>
          <P Name="Dst">9#in:1</P>
        </Branch>
        <Branch>
          <P Name="ZOrder">11</P>
          <P Name="Points">[0, 115]</P>
          <Branch>
            <P Name="ZOrder">21</P>
            <P Name="Dst">11#in:1</P>
          </Branch>
          <Branch>
            <P Name="ZOrder">20</P>
            <P Name="Points">[0, 13; -459, 0]</P>
            <P Name="Dst">4#in:2</P>
          </Branch>
        </Branch>
      </Line>
      <Line>
        <P Name="ZOrder">30</P>
        <P Name="Src">15#out:1</P>
        <P Name="Points">[74, 0]</P>
        <Branch>
          <P Name="ZOrder">28</P>
          <P Name="Points">[0, -95]</P>
          <P Name="Dst">14#in:1</P>
        </Branch>
        <Branch>
          <P Name="ZOrder">27</P>
          <P Name="Dst">4#in:1</P>
        </Branch>
      </Line>
    </System>
  </Model>
</ModelInformation>
